{"best/epoch": 4, "best/precision": 0.6604308235868178, "best/recall": 0.2509727626459144, "best/mAP_0.5": 0.18353550219403886, "best/mAP_0.5:0.95": 0.04113704617369927, "Labels": {"_type": "images/separated", "width": 1600, "height": 1600, "format": "jpg", "count": 2, "filenames": ["media/images/Labels_0_8455635960ca9232d888.jpg", "media/images/Labels_0_04e69312b95fa374b132.jpg"], "captions": ["labels.jpg", "labels_correlogram.jpg"]}, "Mosaics": {"_type": "images/separated", "width": 1280, "height": 1280, "format": "jpg", "count": 3, "filenames": ["media/images/Mosaics_0_f085413d671614f26d2d.jpg", "media/images/Mosaics_0_58fe1786beaf672d2efb.jpg", "media/images/Mosaics_0_f75e46b916c1c1863ee9.jpg"], "captions": ["train_batch0.jpg", "train_batch1.jpg", "train_batch2.jpg"]}, "train/box_loss": 0.04083208367228508, "train/obj_loss": 0.014238301664590836, "train/cls_loss": 0.000992908957414329, "metrics/precision": 0.6599594106181459, "metrics/recall": 0.2509727626459144, "metrics/mAP_0.5": 0.18342792276434478, "metrics/mAP_0.5:0.95": 0.041100902430628514, "val/box_loss": 0.09088268131017685, "val/obj_loss": 0.03480173274874687, "val/cls_loss": 0.01674363575875759, "x/lr0": 0.0089803, "x/lr1": 0.0089803, "x/lr2": 0.0089803, "_timestamp": 1649461701, "_runtime": 5618, "_step": 105, "BoundingBoxDebugger": {"_type": "images/separated", "width": 672, "height": 384, "format": "png", "count": 16, "filenames": ["media/images/BoundingBoxDebugger_99_bb8d1214487caf0711bd.png", "media/images/BoundingBoxDebugger_99_40aa15fc7a4ac9eaa2fb.png", "media/images/BoundingBoxDebugger_99_a7851715451a63796d48.png", "media/images/BoundingBoxDebugger_99_a0dfd1ec8872b793811c.png", "media/images/BoundingBoxDebugger_99_9bc9eb159d6bc5a5e46f.png", "media/images/BoundingBoxDebugger_99_82ade355341f6e621782.png", "media/images/BoundingBoxDebugger_99_8f9f464879c57189d051.png", "media/images/BoundingBoxDebugger_99_ccfa5916fc455776717d.png", "media/images/BoundingBoxDebugger_99_43139272bb695f947399.png", "media/images/BoundingBoxDebugger_99_81619e410321fbafc756.png", "media/images/BoundingBoxDebugger_99_0ed8963975f57a3650ab.png", "media/images/BoundingBoxDebugger_99_0c1422c7939c763cd6eb.png", "media/images/BoundingBoxDebugger_99_8322ebcd8af47ecb3255.png", "media/images/BoundingBoxDebugger_99_30c1dee16cd809a3581b.png", "media/images/BoundingBoxDebugger_99_601750a2f563405ca670.png", "media/images/BoundingBoxDebugger_99_f904c54d3596d3c711c3.png"], "captions": ["10S3-N0808MF03664.jpg", "10S3-N0808MF03818.jpg", "10S3-N0808MF03819.jpg", "10S3-N0808MF03820.jpg", "10S3-N0808MF03821.jpg", "10S3-N0808MF03822.jpg", "10S3-N0808MF03823.jpg", "10S3-N0808MF03824.jpg", "10S3-N0808MF03825.jpg", "10S3-N0808MF03826.jpg", "10S3-N0808MF03827.jpg", "10S3-N0808MF03828.jpg", "10S3-N0808MF03829.jpg", "10S3-N0808MF03817.jpg", "10S3-N0808MF03830.jpg", "10S3-N0808MF03832.jpg"], "all_boxes": [{"predictions": {"_type": "boxes2D", "path": "media/metadata/boxes2D/BoundingBoxDebugger_99_24a2b12275a37d92c96e.boxes2D.json", "sha256": "24a2b12275a37d92c96eaeb7c082242e1d38230ce36599cbe77bbe1c6f546e51", "size": 4443}}, {"predictions": {"_type": "boxes2D", "path": "media/metadata/boxes2D/BoundingBoxDebugger_99_241359da87caedb17fc9.boxes2D.json", "sha256": "241359da87caedb17fc941c96ecd8ed4c212b94450737ad29ee9c57a3547da07", "size": 1776}}, {"predictions": {"_type": "boxes2D", "path": "media/metadata/boxes2D/BoundingBoxDebugger_99_27a35345afca38323fac.boxes2D.json", "sha256": "27a35345afca38323facc117124df2f3f27b7a7bca10d27bbfdba5234c7f0ef0", "size": 2733}}, {"predictions": {"_type": "boxes2D", "path": "media/metadata/boxes2D/BoundingBoxDebugger_99_0a8657f9144858cabbb3.boxes2D.json", "sha256": "0a8657f9144858cabbb3481b5c55092e436e557e97eab87ed3ad6375d45d9c33", "size": 1979}}, {"predictions": {"_type": "boxes2D", "path": "media/metadata/boxes2D/BoundingBoxDebugger_99_165446eaf68779b7ddd3.boxes2D.json", "sha256": "165446eaf68779b7ddd366194caf5ac3681b421044e3b7812757f77cbd9a7a84", "size": 3871}}, {"predictions": {"_type": "boxes2D", "path": "media/metadata/boxes2D/BoundingBoxDebugger_99_6a22572fc7a4d2c17b11.boxes2D.json", "sha256": "6a22572fc7a4d2c17b110999591b4c54bbd7f484fd8e3d5b15cb6e2f0abb260a", "size": 2732}}, {"predictions": {"_type": "boxes2D", "path": "media/metadata/boxes2D/BoundingBoxDebugger_99_54fba3c0e22700792576.boxes2D.json", "sha256": "54fba3c0e22700792576b29aacd7d1f706b112451dcff1a356272e049a2a9464", "size": 1778}}, {"predictions": {"_type": "boxes2D", "path": "media/metadata/boxes2D/BoundingBoxDebugger_99_62b77c1293531f7838c0.boxes2D.json", "sha256": "62b77c1293531f7838c027d0ed895ea10934ae865d4ef1aad8fa7a20b5ba1a85", "size": 2540}}, {"predictions": {"_type": "boxes2D", "path": "media/metadata/boxes2D/BoundingBoxDebugger_99_75232796fb86fad81d03.boxes2D.json", "sha256": "75232796fb86fad81d0341dd0eb71a35fe79c6901584a5b60cce16b6ba42698e", "size": 1970}}, {"predictions": {"_type": "boxes2D", "path": "media/metadata/boxes2D/BoundingBoxDebugger_99_863d62e314e2be659d0b.boxes2D.json", "sha256": "863d62e314e2be659d0b6e8d3d099b21f4e58882f978fcad241a0d0958267930", "size": 2146}}, {"predictions": {"_type": "boxes2D", "path": "media/metadata/boxes2D/BoundingBoxDebugger_99_9818464c3dc5976b62d0.boxes2D.json", "sha256": "9818464c3dc5976b62d076b76dbb7182877fd1ba9d422fc644dc172f749476b6", "size": 4453}}, {"predictions": {"_type": "boxes2D", "path": "media/metadata/boxes2D/BoundingBoxDebugger_99_84db5a0be03e393cd4e6.boxes2D.json", "sha256": "84db5a0be03e393cd4e663296b6ac42ed0d6339899ce1571119fc8887d4a9438", "size": 4248}}, {"predictions": {"_type": "boxes2D", "path": "media/metadata/boxes2D/BoundingBoxDebugger_99_49da42203c72cfa73b13.boxes2D.json", "sha256": "49da42203c72cfa73b13a2974997303e5a97ec81d8cca20ecaeeae85d984e684", "size": 3301}}, {"predictions": {"_type": "boxes2D", "path": "media/metadata/boxes2D/BoundingBoxDebugger_99_a0adf80ab4f16689468f.boxes2D.json", "sha256": "a0adf80ab4f16689468ffa5cd55468bf8653f7524550b6b9592756c4a293323d", "size": 2892}}, {"predictions": {"_type": "boxes2D", "path": "media/metadata/boxes2D/BoundingBoxDebugger_99_9ff4a40b801714f4eab5.boxes2D.json", "sha256": "9ff4a40b801714f4eab5431c8c65481667472088061517ba074663baafbe19a1", "size": 3498}}, {"predictions": {"_type": "boxes2D", "path": "media/metadata/boxes2D/BoundingBoxDebugger_99_6ba351ad61ac1e65f8d9.boxes2D.json", "sha256": "6ba351ad61ac1e65f8d9b72a3e2ea407321116926cc4e6cacfae6eb0a6be4158", "size": 3117}}]}, "Validation": {"_type": "images/separated", "width": 1920, "height": 1098, "format": "jpg", "count": 6, "filenames": ["media/images/Validation_105_a24e523480cbf31f4bdc.jpg", "media/images/Validation_105_b9f63301d9f5f25d3370.jpg", "media/images/Validation_105_fc67999324b3a9138f61.jpg", "media/images/Validation_105_ae4b763dd8e2c868d74f.jpg", "media/images/Validation_105_7dbd4db479ce3284239e.jpg", "media/images/Validation_105_5340b0fcd6be7ec0cb05.jpg"], "captions": ["val_batch0_labels.jpg", "val_batch0_pred.jpg", "val_batch1_labels.jpg", "val_batch1_pred.jpg", "val_batch2_labels.jpg", "val_batch2_pred.jpg"]}, "Results": {"_type": "images/separated", "width": 2400, "height": 1200, "format": "png", "count": 6, "filenames": ["media/images/Results_105_e7775d399d284cc3954a.png", "media/images/Results_105_87afe2d0627798a310b0.png", "media/images/Results_105_b705dcd5405a2880bbaa.png", "media/images/Results_105_108f010b506c3bd958a2.png", "media/images/Results_105_d09a3f42dab0c4a1d5fb.png", "media/images/Results_105_38626d2edc21a9954772.png"], "captions": ["results.png", "confusion_matrix.png", "F1_curve.png", "PR_curve.png", "P_curve.png", "R_curve.png"]}, "_wandb": {"runtime": 5617}}