{"best/epoch": 14, "best/precision": 0.7911761591474861, "best/recall": 0.3146823866668224, "best/mAP_0.5": 0.29399380842453415, "best/mAP_0.5:0.95": 0.07179435942888579, "Labels": {"_type": "images/separated", "width": 1600, "height": 1600, "format": "jpg", "count": 2, "filenames": ["media/images/Labels_0_8455635960ca9232d888.jpg", "media/images/Labels_0_04e69312b95fa374b132.jpg"], "captions": ["labels.jpg", "labels_correlogram.jpg"]}, "Mosaics": {"_type": "images/separated", "width": 1280, "height": 1280, "format": "jpg", "count": 3, "filenames": ["media/images/Mosaics_0_7ab8d43e164978e5b7da.jpg", "media/images/Mosaics_0_7287527995d2bc462a85.jpg", "media/images/Mosaics_0_55446ad1306e5b5be048.jpg"], "captions": ["train_batch0.jpg", "train_batch1.jpg", "train_batch2.jpg"]}, "train/box_loss": 0.05315099284052849, "train/obj_loss": 0.017606062814593315, "train/cls_loss": 0.0009621151839382946, "metrics/precision": 0.7911761591474861, "metrics/recall": 0.3146823866668224, "metrics/mAP_0.5": 0.29398242280696363, "metrics/mAP_0.5:0.95": 0.07178488041361117, "val/box_loss": 0.08938104659318924, "val/obj_loss": 0.038804445415735245, "val/cls_loss": 0.010489593259990215, "x/lr0": 0.0088813, "x/lr1": 0.0088813, "x/lr2": 0.0088813, "_timestamp": 1649433495, "_runtime": 4349, "_step": 115, "BoundingBoxDebugger": {"_type": "images/separated", "width": 672, "height": 384, "format": "png", "count": 16, "filenames": ["media/images/BoundingBoxDebugger_99_bb8d1214487caf0711bd.png", "media/images/BoundingBoxDebugger_99_40aa15fc7a4ac9eaa2fb.png", "media/images/BoundingBoxDebugger_99_a7851715451a63796d48.png", "media/images/BoundingBoxDebugger_99_a0dfd1ec8872b793811c.png", "media/images/BoundingBoxDebugger_99_9bc9eb159d6bc5a5e46f.png", "media/images/BoundingBoxDebugger_99_82ade355341f6e621782.png", "media/images/BoundingBoxDebugger_99_8f9f464879c57189d051.png", "media/images/BoundingBoxDebugger_99_ccfa5916fc455776717d.png", "media/images/BoundingBoxDebugger_99_43139272bb695f947399.png", "media/images/BoundingBoxDebugger_99_81619e410321fbafc756.png", "media/images/BoundingBoxDebugger_99_0ed8963975f57a3650ab.png", "media/images/BoundingBoxDebugger_99_0c1422c7939c763cd6eb.png", "media/images/BoundingBoxDebugger_99_8322ebcd8af47ecb3255.png", "media/images/BoundingBoxDebugger_99_30c1dee16cd809a3581b.png", "media/images/BoundingBoxDebugger_99_601750a2f563405ca670.png", "media/images/BoundingBoxDebugger_99_f904c54d3596d3c711c3.png"], "captions": ["10S3-N0808MF03664.jpg", "10S3-N0808MF03818.jpg", "10S3-N0808MF03819.jpg", "10S3-N0808MF03820.jpg", "10S3-N0808MF03821.jpg", "10S3-N0808MF03822.jpg", "10S3-N0808MF03823.jpg", "10S3-N0808MF03824.jpg", "10S3-N0808MF03825.jpg", "10S3-N0808MF03826.jpg", "10S3-N0808MF03827.jpg", "10S3-N0808MF03828.jpg", "10S3-N0808MF03829.jpg", "10S3-N0808MF03817.jpg", "10S3-N0808MF03830.jpg", "10S3-N0808MF03832.jpg"], "all_boxes": [{"predictions": {"_type": "boxes2D", "path": "media/metadata/boxes2D/BoundingBoxDebugger_99_8061d99aad2062098b59.boxes2D.json", "sha256": "8061d99aad2062098b599dcf268e67044d0a06f5a1c4e401393a612ed537fe16", "size": 3877}}, {"predictions": {"_type": "boxes2D", "path": "media/metadata/boxes2D/BoundingBoxDebugger_99_4013a46e073ef83f4432.boxes2D.json", "sha256": "4013a46e073ef83f4432c0da0e5d86322dad2224e37581101d861a107d912f8f", "size": 8789}}, {"predictions": {"_type": "boxes2D", "path": "media/metadata/boxes2D/BoundingBoxDebugger_99_2c5de2609814d874334c.boxes2D.json", "sha256": "2c5de2609814d874334c7e2dd732dede7d6a59d25dc1dd82d45e07511c4052ce", "size": 8039}}, {"predictions": {"_type": "boxes2D", "path": "media/metadata/boxes2D/BoundingBoxDebugger_99_b1d6130d7645778ea2cb.boxes2D.json", "sha256": "b1d6130d7645778ea2cb05c7a7196559bbc91ba053f67238ee1f39158dac5413", "size": 9137}}, {"predictions": {"_type": "boxes2D", "path": "media/metadata/boxes2D/BoundingBoxDebugger_99_c1ed9daee62baec98804.boxes2D.json", "sha256": "c1ed9daee62baec988040814c2dffbb22f358586ef32b45176cecd6021a8226e", "size": 10315}}, {"predictions": {"_type": "boxes2D", "path": "media/metadata/boxes2D/BoundingBoxDebugger_99_e355e879be70a7657af4.boxes2D.json", "sha256": "e355e879be70a7657af4bdd360690cd2f663a59ccfaa5417a13279446cfaedf0", "size": 9739}}, {"predictions": {"_type": "boxes2D", "path": "media/metadata/boxes2D/BoundingBoxDebugger_99_17dd23a026ff040efb88.boxes2D.json", "sha256": "17dd23a026ff040efb88ccf61302aaeca188537633fe638c072760f00bc0d04a", "size": 8047}}, {"predictions": {"_type": "boxes2D", "path": "media/metadata/boxes2D/BoundingBoxDebugger_99_c1eaabab72ba773b8ff0.boxes2D.json", "sha256": "c1eaabab72ba773b8ff078de88a79f9bb130642e786df05db964469202c3da20", "size": 8428}}, {"predictions": {"_type": "boxes2D", "path": "media/metadata/boxes2D/BoundingBoxDebugger_99_b25bcaa2d308b3aa9d88.boxes2D.json", "sha256": "b25bcaa2d308b3aa9d8811069139a5993c1c7b342fa1df8c1743f26bdaff624c", "size": 6124}}, {"predictions": {"_type": "boxes2D", "path": "media/metadata/boxes2D/BoundingBoxDebugger_99_a68237217a7c4aa653e0.boxes2D.json", "sha256": "a68237217a7c4aa653e0b4bc19fc7620a41cd79639ec62822462e2ef8e00a8ca", "size": 7089}}, {"predictions": {"_type": "boxes2D", "path": "media/metadata/boxes2D/BoundingBoxDebugger_99_52a3e50c420541efc336.boxes2D.json", "sha256": "52a3e50c420541efc336bb69aca46456e50ba6a715b89bd1ba9509653202458a", "size": 10676}}, {"predictions": {"_type": "boxes2D", "path": "media/metadata/boxes2D/BoundingBoxDebugger_99_40ece3c3921a1b8dbcac.boxes2D.json", "sha256": "40ece3c3921a1b8dbcac7c3d23ec279d6ee7f00bdaabb53336877ca5032fdf87", "size": 10090}}, {"predictions": {"_type": "boxes2D", "path": "media/metadata/boxes2D/BoundingBoxDebugger_99_9e5457f3c54c4c07bc83.boxes2D.json", "sha256": "9e5457f3c54c4c07bc83f509789fcbcd920c717fedf34e4b287cd56ca9069de5", "size": 8199}}, {"predictions": {"_type": "boxes2D", "path": "media/metadata/boxes2D/BoundingBoxDebugger_99_87b0e30b0f1b30ffdbda.boxes2D.json", "sha256": "87b0e30b0f1b30ffdbda40f1e6510b9da6c7ff3653f407657fadea5afda3e0fa", "size": 7831}}, {"predictions": {"_type": "boxes2D", "path": "media/metadata/boxes2D/BoundingBoxDebugger_99_2056ec4fb9e1a8778f65.boxes2D.json", "sha256": "2056ec4fb9e1a8778f6594f0ede68053ee9c9af164269f27ea85f00f6554433b", "size": 8226}}, {"predictions": {"_type": "boxes2D", "path": "media/metadata/boxes2D/BoundingBoxDebugger_99_dd97084895381d1095be.boxes2D.json", "sha256": "dd97084895381d1095be7fa3349f2b3d651f794bd932400db04d263126beb78b", "size": 8204}}]}, "Validation": {"_type": "images/separated", "width": 1920, "height": 1098, "format": "jpg", "count": 6, "filenames": ["media/images/Validation_115_a24e523480cbf31f4bdc.jpg", "media/images/Validation_115_dc0465c8e2a2cc44302b.jpg", "media/images/Validation_115_fc67999324b3a9138f61.jpg", "media/images/Validation_115_e850075dcb0e7c9fc85c.jpg", "media/images/Validation_115_7dbd4db479ce3284239e.jpg", "media/images/Validation_115_a31bf745f9a314f7959b.jpg"], "captions": ["val_batch0_labels.jpg", "val_batch0_pred.jpg", "val_batch1_labels.jpg", "val_batch1_pred.jpg", "val_batch2_labels.jpg", "val_batch2_pred.jpg"]}, "Results": {"_type": "images/separated", "width": 2400, "height": 1200, "format": "png", "count": 6, "filenames": ["media/images/Results_115_8ce98830d72ff97c61c3.png", "media/images/Results_115_88561f766077437d24e4.png", "media/images/Results_115_7bf976ca503faf6d598c.png", "media/images/Results_115_2fc4571765b7b6caa6ab.png", "media/images/Results_115_9747f5f01bc4c4027b76.png", "media/images/Results_115_90641badb2a795777650.png"], "captions": ["results.png", "confusion_matrix.png", "F1_curve.png", "PR_curve.png", "P_curve.png", "R_curve.png"]}, "_wandb": {"runtime": 4348}}