{"best/epoch": 39, "best/precision": 0.6975496931692385, "best/recall": 0.7020833333333334, "best/mAP_0.5": 0.6708226039825806, "best/mAP_0.5:0.95": 0.21547235035992396, "Labels": {"_type": "images/separated", "width": 1600, "height": 1600, "format": "jpg", "count": 2, "filenames": ["media/images/Labels_0_02d30f1c8d5e2db8dfbb.jpg", "media/images/Labels_0_3806fea475b95848fafa.jpg"], "captions": ["labels.jpg", "labels_correlogram.jpg"]}, "Mosaics": {"_type": "images/separated", "width": 1280, "height": 1280, "format": "jpg", "count": 3, "filenames": ["media/images/Mosaics_0_b295f18aa2d374761d87.jpg", "media/images/Mosaics_0_d83144fb792378f60c72.jpg", "media/images/Mosaics_0_c5cc7cb332f5cedce202.jpg"], "captions": ["train_batch0.jpg", "train_batch1.jpg", "train_batch2.jpg"]}, "train/box_loss": 0.043535493314266205, "train/obj_loss": 0.017270969226956367, "train/cls_loss": 0.0010415884898975492, "metrics/precision": 0.6968321865594761, "metrics/recall": 0.7020833333333334, "metrics/mAP_0.5": 0.670055280342933, "metrics/mAP_0.5:0.95": 0.21480562845371992, "val/box_loss": 0.06625630706548691, "val/obj_loss": 0.022632835432887077, "val/cls_loss": 0.003660227172076702, "x/lr0": 0.005446000000000001, "x/lr1": 0.005446000000000001, "x/lr2": 0.005446000000000001, "_timestamp": 1649502217, "_runtime": 6552, "_step": 140, "BoundingBoxDebugger": {"_type": "images/separated", "width": 672, "height": 384, "format": "png", "count": 16, "filenames": ["media/images/BoundingBoxDebugger_119_2f7bc59aaf11aec91d7c.png", "media/images/BoundingBoxDebugger_119_7e0481d003ad3ad0b3d2.png", "media/images/BoundingBoxDebugger_119_c99665a0ea04d1726ab3.png", "media/images/BoundingBoxDebugger_119_7f1b3cca480e7defe614.png", "media/images/BoundingBoxDebugger_119_e225246cc66a3960a97f.png", "media/images/BoundingBoxDebugger_119_7c3f5d6778d111e426e6.png", "media/images/BoundingBoxDebugger_119_87149d319e2d17685368.png", "media/images/BoundingBoxDebugger_119_4dd1840691803aef6eba.png", "media/images/BoundingBoxDebugger_119_f55bc985800fa3b16fcf.png", "media/images/BoundingBoxDebugger_119_8af2aecea2687b95cb07.png", "media/images/BoundingBoxDebugger_119_768af00541ca5a27a650.png", "media/images/BoundingBoxDebugger_119_a4a6531e886d97ebd279.png", "media/images/BoundingBoxDebugger_119_98a0fa89c505d7001ce8.png", "media/images/BoundingBoxDebugger_119_4d21b3f98d6dcc908aaa.png", "media/images/BoundingBoxDebugger_119_7e28be93341a3d4944d6.png", "media/images/BoundingBoxDebugger_119_44301981efece3865480.png"], "captions": ["10S3-N0808MF03844.jpg", "10S3-N0808MF03877.jpg", "10S3-N0808MF03878.jpg", "10S3-N0808MF03879.jpg", "10S3-N0808MF03880.jpg", "10S3-N0808MF03881.jpg", "10S3-N0808MF03882.jpg", "10S3-N0808MF03883.jpg", "10S3-N0808MF03884.jpg", "10S3-N0808MF03885.jpg", "10S3-N0808MF03886.jpg", "10S3-N0808MF03887.jpg", "10S3-N0808MF03888.jpg", "10S3-N0808MF03889.jpg", "10S3-N0808MF03876.jpg", "10S3-N0808MF03890.jpg"], "all_boxes": [{"predictions": {"_type": "boxes2D", "path": "media/metadata/boxes2D/BoundingBoxDebugger_119_3cb27b42d6cb53cfec82.boxes2D.json", "sha256": "3cb27b42d6cb53cfec82abe74a7edf972dcfb934f19a172b1ac039a027d7e7f2", "size": 11690}}, {"predictions": {"_type": "boxes2D", "path": "media/metadata/boxes2D/BoundingBoxDebugger_119_d1bf114568f59c5e2ba8.boxes2D.json", "sha256": "d1bf114568f59c5e2ba8e299d16539bf82fb9ee7b4c47a2116409b1ec21143a0", "size": 10293}}, {"predictions": {"_type": "boxes2D", "path": "media/metadata/boxes2D/BoundingBoxDebugger_119_64b3bd4777bfd5519a18.boxes2D.json", "sha256": "64b3bd4777bfd5519a185751c8136c263183bd7891188869b0d71f918001d36f", "size": 10488}}, {"predictions": {"_type": "boxes2D", "path": "media/metadata/boxes2D/BoundingBoxDebugger_119_e79d2258dea9daf8ea56.boxes2D.json", "sha256": "e79d2258dea9daf8ea56c242a9beced45c05e31109b3b9f31702e98f5317b482", "size": 8979}}, {"predictions": {"_type": "boxes2D", "path": "media/metadata/boxes2D/BoundingBoxDebugger_119_53793222044f93354b6b.boxes2D.json", "sha256": "53793222044f93354b6b6778c71e9708cefd4589ffd39213b37b524adaf0959b", "size": 8773}}, {"predictions": {"_type": "boxes2D", "path": "media/metadata/boxes2D/BoundingBoxDebugger_119_c7f3658448c811d54032.boxes2D.json", "sha256": "c7f3658448c811d5403214a1e7070c388cb242b8d37dfb0d32af055fe795b6f5", "size": 9553}}, {"predictions": {"_type": "boxes2D", "path": "media/metadata/boxes2D/BoundingBoxDebugger_119_45beae9d2f7a67c8cca8.boxes2D.json", "sha256": "45beae9d2f7a67c8cca8b163ece2ea78b5fafc1deb90755900d3890a28ecc02b", "size": 6653}}, {"predictions": {"_type": "boxes2D", "path": "media/metadata/boxes2D/BoundingBoxDebugger_119_2e7242d8fcbee4c3e372.boxes2D.json", "sha256": "2e7242d8fcbee4c3e372d679bb441539c1dc4de80006d8eddfaf4af2e40f6812", "size": 10080}}, {"predictions": {"_type": "boxes2D", "path": "media/metadata/boxes2D/BoundingBoxDebugger_119_50a68969b0000aa4f719.boxes2D.json", "sha256": "50a68969b0000aa4f71976a7c38eced1445657bb77ec5f1d0cacf395a9e2c08e", "size": 9533}}, {"predictions": {"_type": "boxes2D", "path": "media/metadata/boxes2D/BoundingBoxDebugger_119_c6a7612b58b1201f613c.boxes2D.json", "sha256": "c6a7612b58b1201f613c2363441c051763aae768a0bf0b2360e8092542a17cb2", "size": 10336}}, {"predictions": {"_type": "boxes2D", "path": "media/metadata/boxes2D/BoundingBoxDebugger_119_de0f9a217faaf25aeee8.boxes2D.json", "sha256": "de0f9a217faaf25aeee8bcd0cc1e6f7bd0fad3359faafad477a9bd27181a566e", "size": 6672}}, {"predictions": {"_type": "boxes2D", "path": "media/metadata/boxes2D/BoundingBoxDebugger_119_2fa7a643e20d5e84872c.boxes2D.json", "sha256": "2fa7a643e20d5e84872ca5fc9a08d76ba4ba42305ce0a2eb41129414e7914fe2", "size": 9156}}, {"predictions": {"_type": "boxes2D", "path": "media/metadata/boxes2D/BoundingBoxDebugger_119_6bf2d0fc60e120505147.boxes2D.json", "sha256": "6bf2d0fc60e12050514719bb6bca5e0d0281c0e36638eb8a6b68558e0b812d6a", "size": 8183}}, {"predictions": {"_type": "boxes2D", "path": "media/metadata/boxes2D/BoundingBoxDebugger_119_e0233c7b2f4a075e13a4.boxes2D.json", "sha256": "e0233c7b2f4a075e13a4f5938c8f173258a50f0bcdde69c94f46c3d8c5e0e35b", "size": 10077}}, {"predictions": {"_type": "boxes2D", "path": "media/metadata/boxes2D/BoundingBoxDebugger_119_ad78876c18f665ea5dc8.boxes2D.json", "sha256": "ad78876c18f665ea5dc8ea64e793bacebfd726a0ef6e1af63f4deca91f83239f", "size": 8979}}, {"predictions": {"_type": "boxes2D", "path": "media/metadata/boxes2D/BoundingBoxDebugger_119_5eb1156a338b9526923e.boxes2D.json", "sha256": "5eb1156a338b9526923e14d09bf3d103d7b11e088e3d434c151f315299f7418e", "size": 13006}}]}, "Validation": {"_type": "images/separated", "width": 1920, "height": 1098, "format": "jpg", "count": 6, "filenames": ["media/images/Validation_140_ab5f918c89e44a44aa43.jpg", "media/images/Validation_140_7e1aefadcdada7aa35f1.jpg", "media/images/Validation_140_42bce40d9fdbfe3e82bc.jpg", "media/images/Validation_140_6b42da361087dc0ca4ce.jpg", "media/images/Validation_140_2f8acb4cf2dc1968e0d3.jpg", "media/images/Validation_140_cc23410a81868396607f.jpg"], "captions": ["val_batch0_labels.jpg", "val_batch0_pred.jpg", "val_batch1_labels.jpg", "val_batch1_pred.jpg", "val_batch2_labels.jpg", "val_batch2_pred.jpg"]}, "Results": {"_type": "images/separated", "width": 2400, "height": 1200, "format": "png", "count": 6, "filenames": ["media/images/Results_140_b5c3772813f882c23b96.png", "media/images/Results_140_1581e577f0954a524e2e.png", "media/images/Results_140_ae7c293526b4db732697.png", "media/images/Results_140_bfc2632796be3659e4ee.png", "media/images/Results_140_5f3e3294bccf13dc0a1f.png", "media/images/Results_140_19bc8c562fa8e0420e43.png"], "captions": ["results.png", "confusion_matrix.png", "F1_curve.png", "PR_curve.png", "P_curve.png", "R_curve.png"]}, "_wandb": {"runtime": 6552}}