{"best/epoch": 19, "best/precision": 0.8466075638450918, "best/recall": 0.32091819445905057, "best/mAP_0.5": 0.3196940336366694, "best/mAP_0.5:0.95": 0.08494114530487559, "Labels": {"_type": "images/separated", "width": 1600, "height": 1600, "format": "jpg", "count": 2, "filenames": ["media/images/Labels_0_8455635960ca9232d888.jpg", "media/images/Labels_0_04e69312b95fa374b132.jpg"], "captions": ["labels.jpg", "labels_correlogram.jpg"]}, "Mosaics": {"_type": "images/separated", "width": 1280, "height": 1280, "format": "jpg", "count": 3, "filenames": ["media/images/Mosaics_0_7ab8d43e164978e5b7da.jpg", "media/images/Mosaics_0_7287527995d2bc462a85.jpg", "media/images/Mosaics_0_55446ad1306e5b5be048.jpg"], "captions": ["train_batch0.jpg", "train_batch1.jpg", "train_batch2.jpg"]}, "train/box_loss": 0.06342428922653198, "train/obj_loss": 0.020519567653536797, "train/cls_loss": 0.0012956439750269055, "metrics/precision": 0.1751183658139352, "metrics/recall": 0.24960047248471373, "metrics/mAP_0.5": 0.13415892117719558, "metrics/mAP_0.5:0.95": 0.024426808217237448, "val/box_loss": 0.09158802777528763, "val/obj_loss": 0.042546987533569336, "val/cls_loss": 0.010100108571350574, "x/lr0": 0.008053000000000001, "x/lr1": 0.008053000000000001, "x/lr2": 0.008053000000000001, "_timestamp": 1649420065, "_runtime": 2347, "_step": 60, "BoundingBoxDebugger": {"_type": "images/separated", "width": 672, "height": 384, "format": "png", "count": 16, "filenames": ["media/images/BoundingBoxDebugger_59_bb8d1214487caf0711bd.png", "media/images/BoundingBoxDebugger_59_40aa15fc7a4ac9eaa2fb.png", "media/images/BoundingBoxDebugger_59_a7851715451a63796d48.png", "media/images/BoundingBoxDebugger_59_a0dfd1ec8872b793811c.png", "media/images/BoundingBoxDebugger_59_9bc9eb159d6bc5a5e46f.png", "media/images/BoundingBoxDebugger_59_82ade355341f6e621782.png", "media/images/BoundingBoxDebugger_59_8f9f464879c57189d051.png", "media/images/BoundingBoxDebugger_59_ccfa5916fc455776717d.png", "media/images/BoundingBoxDebugger_59_43139272bb695f947399.png", "media/images/BoundingBoxDebugger_59_81619e410321fbafc756.png", "media/images/BoundingBoxDebugger_59_0ed8963975f57a3650ab.png", "media/images/BoundingBoxDebugger_59_0c1422c7939c763cd6eb.png", "media/images/BoundingBoxDebugger_59_8322ebcd8af47ecb3255.png", "media/images/BoundingBoxDebugger_59_30c1dee16cd809a3581b.png", "media/images/BoundingBoxDebugger_59_601750a2f563405ca670.png", "media/images/BoundingBoxDebugger_59_f904c54d3596d3c711c3.png"], "captions": ["10S3-N0808MF03664.jpg", "10S3-N0808MF03818.jpg", "10S3-N0808MF03819.jpg", "10S3-N0808MF03820.jpg", "10S3-N0808MF03821.jpg", "10S3-N0808MF03822.jpg", "10S3-N0808MF03823.jpg", "10S3-N0808MF03824.jpg", "10S3-N0808MF03825.jpg", "10S3-N0808MF03826.jpg", "10S3-N0808MF03827.jpg", "10S3-N0808MF03828.jpg", "10S3-N0808MF03829.jpg", "10S3-N0808MF03817.jpg", "10S3-N0808MF03830.jpg", "10S3-N0808MF03832.jpg"], "all_boxes": [{"predictions": {"_type": "boxes2D", "path": "media/metadata/boxes2D/BoundingBoxDebugger_59_87bf7029016100491691.boxes2D.json", "sha256": "87bf7029016100491691caafdebb219c503d9c2fe8bff9c96db67a0c530b021b", "size": 14139}}, {"predictions": {"_type": "boxes2D", "path": "media/metadata/boxes2D/BoundingBoxDebugger_59_dd3507d74782a3627927.boxes2D.json", "sha256": "dd3507d74782a362792768fad8bb5c87c52f7a30716d3885e139f960e5411de2", "size": 14176}}, {"predictions": {"_type": "boxes2D", "path": "media/metadata/boxes2D/BoundingBoxDebugger_59_e0fe8e37a9f13050fb09.boxes2D.json", "sha256": "e0fe8e37a9f13050fb09875dd3c5f758e9913cd6116f14903d79c8a737755883", "size": 15459}}, {"predictions": {"_type": "boxes2D", "path": "media/metadata/boxes2D/BoundingBoxDebugger_59_a44dbcb1249990e8b71b.boxes2D.json", "sha256": "a44dbcb1249990e8b71bbda999a1a621b6bcae559b9eaae7f217527f12785ce8", "size": 16771}}, {"predictions": {"_type": "boxes2D", "path": "media/metadata/boxes2D/BoundingBoxDebugger_59_02550bd26bfbc3f156bd.boxes2D.json", "sha256": "02550bd26bfbc3f156bd8cb5bb2a249f8a7d744d6c7122392df32b651994b817", "size": 16586}}, {"predictions": {"_type": "boxes2D", "path": "media/metadata/boxes2D/BoundingBoxDebugger_59_a9109b6a06a66cf48d6a.boxes2D.json", "sha256": "a9109b6a06a66cf48d6af131d02b6c00594b50af1f997fde9aec15b76977f2ae", "size": 14241}}, {"predictions": {"_type": "boxes2D", "path": "media/metadata/boxes2D/BoundingBoxDebugger_59_51405f1ab9468e9ac2bd.boxes2D.json", "sha256": "51405f1ab9468e9ac2bdcd2062d948d7c649c84c00c50857695f61fb654f00d9", "size": 14230}}, {"predictions": {"_type": "boxes2D", "path": "media/metadata/boxes2D/BoundingBoxDebugger_59_d520a304942dd2da6a8c.boxes2D.json", "sha256": "d520a304942dd2da6a8c7fe8a0ee90bd5d736c75ebf9539e4726b583c92829d1", "size": 15379}}, {"predictions": {"_type": "boxes2D", "path": "media/metadata/boxes2D/BoundingBoxDebugger_59_264d5f7c5c6abc0fc8c7.boxes2D.json", "sha256": "264d5f7c5c6abc0fc8c7ea35e59a82900852a6e4e9c150390f8d6dc76e695d09", "size": 9704}}, {"predictions": {"_type": "boxes2D", "path": "media/metadata/boxes2D/BoundingBoxDebugger_59_86728978e2b5e95c51ac.boxes2D.json", "sha256": "86728978e2b5e95c51ac584bb06d2601c1a79226c735be4e101180efeb2b2de7", "size": 12164}}, {"predictions": {"_type": "boxes2D", "path": "media/metadata/boxes2D/BoundingBoxDebugger_59_3083b830905b8cc994f0.boxes2D.json", "sha256": "3083b830905b8cc994f0edb1ec23f31e19c76801308abeac2955d521b8fce8c1", "size": 14608}}, {"predictions": {"_type": "boxes2D", "path": "media/metadata/boxes2D/BoundingBoxDebugger_59_d9e1c1fe19783e48f5af.boxes2D.json", "sha256": "d9e1c1fe19783e48f5af3e6bd80e604dc9b27b2fee90dd8ca632efb4daa32597", "size": 14575}}, {"predictions": {"_type": "boxes2D", "path": "media/metadata/boxes2D/BoundingBoxDebugger_59_a38f91229c43b5365fdb.boxes2D.json", "sha256": "a38f91229c43b5365fdb04b84abbd6a6a4b344e99c347c952ee7d1beff4b888c", "size": 18220}}, {"predictions": {"_type": "boxes2D", "path": "media/metadata/boxes2D/BoundingBoxDebugger_59_69720106ccbc5fccad34.boxes2D.json", "sha256": "69720106ccbc5fccad346c99e2be346edd914dd8d712c3edb0be7c53a76097b8", "size": 14495}}, {"predictions": {"_type": "boxes2D", "path": "media/metadata/boxes2D/BoundingBoxDebugger_59_7c9666cafb2ef292179b.boxes2D.json", "sha256": "7c9666cafb2ef292179be43513b612bdadca17573ef8076a0ba415cb8de472fe", "size": 16742}}, {"predictions": {"_type": "boxes2D", "path": "media/metadata/boxes2D/BoundingBoxDebugger_59_4bb580b68431ef2c7092.boxes2D.json", "sha256": "4bb580b68431ef2c7092beccc097117c7d83712bac1b1c1d2957115b622961d1", "size": 15798}}]}, "_wandb": {"runtime": 2365}}