{"best/epoch": 47, "best/precision": 0.7866012392328181, "best/recall": 0.318774861576418, "best/mAP_0.5": 0.272303681808062, "best/mAP_0.5:0.95": 0.0696073651546108, "Labels": {"_type": "images/separated", "width": 1600, "height": 1600, "format": "jpg", "count": 2, "filenames": ["media/images/Labels_0_8455635960ca9232d888.jpg", "media/images/Labels_0_04e69312b95fa374b132.jpg"], "captions": ["labels.jpg", "labels_correlogram.jpg"]}, "Mosaics": {"_type": "images/separated", "width": 1280, "height": 1280, "format": "jpg", "count": 3, "filenames": ["media/images/Mosaics_0_7ab8d43e164978e5b7da.jpg", "media/images/Mosaics_0_7287527995d2bc462a85.jpg", "media/images/Mosaics_0_55446ad1306e5b5be048.jpg"], "captions": ["train_batch0.jpg", "train_batch1.jpg", "train_batch2.jpg"]}, "train/box_loss": 0.048601508140563965, "train/obj_loss": 0.016820522025227547, "train/cls_loss": 0.0011699756141752005, "metrics/precision": 0.7861636194969528, "metrics/recall": 0.31906614785992216, "metrics/mAP_0.5": 0.27195697890914683, "metrics/mAP_0.5:0.95": 0.06978778272025056, "val/box_loss": 0.08818716555833817, "val/obj_loss": 0.04224967584013939, "val/cls_loss": 0.022163178771734238, "x/lr0": 0.0085546, "x/lr1": 0.0085546, "x/lr2": 0.0085546, "_timestamp": 1649425768, "_runtime": 5660, "_step": 148, "BoundingBoxDebugger": {"_type": "images/separated", "width": 672, "height": 384, "format": "png", "count": 16, "filenames": ["media/images/BoundingBoxDebugger_99_bb8d1214487caf0711bd.png", "media/images/BoundingBoxDebugger_99_40aa15fc7a4ac9eaa2fb.png", "media/images/BoundingBoxDebugger_99_a7851715451a63796d48.png", "media/images/BoundingBoxDebugger_99_a0dfd1ec8872b793811c.png", "media/images/BoundingBoxDebugger_99_9bc9eb159d6bc5a5e46f.png", "media/images/BoundingBoxDebugger_99_82ade355341f6e621782.png", "media/images/BoundingBoxDebugger_99_8f9f464879c57189d051.png", "media/images/BoundingBoxDebugger_99_ccfa5916fc455776717d.png", "media/images/BoundingBoxDebugger_99_43139272bb695f947399.png", "media/images/BoundingBoxDebugger_99_81619e410321fbafc756.png", "media/images/BoundingBoxDebugger_99_0ed8963975f57a3650ab.png", "media/images/BoundingBoxDebugger_99_0c1422c7939c763cd6eb.png", "media/images/BoundingBoxDebugger_99_8322ebcd8af47ecb3255.png", "media/images/BoundingBoxDebugger_99_30c1dee16cd809a3581b.png", "media/images/BoundingBoxDebugger_99_601750a2f563405ca670.png", "media/images/BoundingBoxDebugger_99_f904c54d3596d3c711c3.png"], "captions": ["10S3-N0808MF03664.jpg", "10S3-N0808MF03818.jpg", "10S3-N0808MF03819.jpg", "10S3-N0808MF03820.jpg", "10S3-N0808MF03821.jpg", "10S3-N0808MF03822.jpg", "10S3-N0808MF03823.jpg", "10S3-N0808MF03824.jpg", "10S3-N0808MF03825.jpg", "10S3-N0808MF03826.jpg", "10S3-N0808MF03827.jpg", "10S3-N0808MF03828.jpg", "10S3-N0808MF03829.jpg", "10S3-N0808MF03817.jpg", "10S3-N0808MF03830.jpg", "10S3-N0808MF03832.jpg"], "all_boxes": [{"predictions": {"_type": "boxes2D", "path": "media/metadata/boxes2D/BoundingBoxDebugger_99_8e955ccf37a0eb07c1f8.boxes2D.json", "sha256": "8e955ccf37a0eb07c1f8f2d7c9e250eaf5a11a5e36e2732e694b32addd754480", "size": 8068}}, {"predictions": {"_type": "boxes2D", "path": "media/metadata/boxes2D/BoundingBoxDebugger_99_e1d9444fd614032a5d1a.boxes2D.json", "sha256": "e1d9444fd614032a5d1a1ea29185fc654c2e4076ca86a7ca86bcd5f3f2356065", "size": 8453}}, {"predictions": {"_type": "boxes2D", "path": "media/metadata/boxes2D/BoundingBoxDebugger_99_2dbc394c00078896ff4f.boxes2D.json", "sha256": "2dbc394c00078896ff4f35b73e76b812d0b9caf1a57da84cccc110bd7d242be9", "size": 9383}}, {"predictions": {"_type": "boxes2D", "path": "media/metadata/boxes2D/BoundingBoxDebugger_99_d8a054c12f2e8ea095a5.boxes2D.json", "sha256": "d8a054c12f2e8ea095a5dd4f1f6344b4e9c752d63d6ec3a2447468740389440b", "size": 12273}}, {"predictions": {"_type": "boxes2D", "path": "media/metadata/boxes2D/BoundingBoxDebugger_99_d937e4e28d78cec4a564.boxes2D.json", "sha256": "d937e4e28d78cec4a5643e5e30e2f095c98c3fcf2fd2981206536aa4c241b56c", "size": 12224}}, {"predictions": {"_type": "boxes2D", "path": "media/metadata/boxes2D/BoundingBoxDebugger_99_1424b2a7e5387edd34d6.boxes2D.json", "sha256": "1424b2a7e5387edd34d67cbd9a5c20ce5602c1d6a33aab199e142bed5250ae50", "size": 11800}}, {"predictions": {"_type": "boxes2D", "path": "media/metadata/boxes2D/BoundingBoxDebugger_99_b3863aa0e6d080e9a6a5.boxes2D.json", "sha256": "b3863aa0e6d080e9a6a546b015b1a17be3e31d030b491aa47678dc1c889010f4", "size": 9191}}, {"predictions": {"_type": "boxes2D", "path": "media/metadata/boxes2D/BoundingBoxDebugger_99_3440fd05aad4d2bbfb3f.boxes2D.json", "sha256": "3440fd05aad4d2bbfb3f727f0493144305f0fda258f566d81afaf01ab794c9c0", "size": 10304}}, {"predictions": {"_type": "boxes2D", "path": "media/metadata/boxes2D/BoundingBoxDebugger_99_5d861321be37491b18e7.boxes2D.json", "sha256": "5d861321be37491b18e7090488c7ddf6852c331770b50323aad3e7a235c17e0c", "size": 7863}}, {"predictions": {"_type": "boxes2D", "path": "media/metadata/boxes2D/BoundingBoxDebugger_99_86dcaa9f1f4ff0f2c085.boxes2D.json", "sha256": "86dcaa9f1f4ff0f2c085738fe15cce1289090e348fabe1a9aa5be6f23150df59", "size": 8963}}, {"predictions": {"_type": "boxes2D", "path": "media/metadata/boxes2D/BoundingBoxDebugger_99_5977c182bbad1593bb4b.boxes2D.json", "sha256": "5977c182bbad1593bb4b9947f520ae4261df2832fab29c75e35dff56068b6a3f", "size": 11815}}, {"predictions": {"_type": "boxes2D", "path": "media/metadata/boxes2D/BoundingBoxDebugger_99_90d0eba73cb2bd0e0826.boxes2D.json", "sha256": "90d0eba73cb2bd0e0826d1528ffe5f5935b68a4ebe48d8f1fdb0f37b9e0c575c", "size": 10244}}, {"predictions": {"_type": "boxes2D", "path": "media/metadata/boxes2D/BoundingBoxDebugger_99_6b543b3ad356f472bf30.boxes2D.json", "sha256": "6b543b3ad356f472bf30c729d5d6d5ecaae29e00fac39c8e5c225d2a3655c5c6", "size": 12609}}, {"predictions": {"_type": "boxes2D", "path": "media/metadata/boxes2D/BoundingBoxDebugger_99_baa2df4a57a19b80c6ee.boxes2D.json", "sha256": "baa2df4a57a19b80c6ee03aceff28c195b704063d10986bd964ea68c51322a77", "size": 9182}}, {"predictions": {"_type": "boxes2D", "path": "media/metadata/boxes2D/BoundingBoxDebugger_99_8481f7d6e8aaa136cf5b.boxes2D.json", "sha256": "8481f7d6e8aaa136cf5b8731813edf78d0f24e91c4b7ce30edbff3db6a62772d", "size": 11828}}, {"predictions": {"_type": "boxes2D", "path": "media/metadata/boxes2D/BoundingBoxDebugger_99_5cba3ec42efd420fe575.boxes2D.json", "sha256": "5cba3ec42efd420fe575b991f6b8d019905be6f7016ac9f2073425f4dc677595", "size": 8976}}]}, "Validation": {"_type": "images/separated", "width": 1920, "height": 1098, "format": "jpg", "count": 6, "filenames": ["media/images/Validation_148_a24e523480cbf31f4bdc.jpg", "media/images/Validation_148_160f2ff7b07cac8848fe.jpg", "media/images/Validation_148_fc67999324b3a9138f61.jpg", "media/images/Validation_148_c3d8734ffbfca9b3119f.jpg", "media/images/Validation_148_7dbd4db479ce3284239e.jpg", "media/images/Validation_148_2db8368168446103fa0d.jpg"], "captions": ["val_batch0_labels.jpg", "val_batch0_pred.jpg", "val_batch1_labels.jpg", "val_batch1_pred.jpg", "val_batch2_labels.jpg", "val_batch2_pred.jpg"]}, "Results": {"_type": "images/separated", "width": 2400, "height": 1200, "format": "png", "count": 6, "filenames": ["media/images/Results_148_4e02b0daf3ea56086393.png", "media/images/Results_148_6404763603bac2276e2a.png", "media/images/Results_148_6cc1eba2abaa8fe21c8f.png", "media/images/Results_148_35efa5b42324c8818771.png", "media/images/Results_148_fdbda71c91c330ce9a39.png", "media/images/Results_148_88348ed0306f9c9fb244.png"], "captions": ["results.png", "confusion_matrix.png", "F1_curve.png", "PR_curve.png", "P_curve.png", "R_curve.png"]}, "_wandb": {"runtime": 5658}}