{"best/epoch": 0, "best/precision": 0.31251035324044213, "best/recall": 0.10364063349824888, "best/mAP_0.5": 0.06252924106641096, "best/mAP_0.5:0.95": 0.020993017636320874, "Labels": {"_type": "images/separated", "width": 1600, "height": 1600, "format": "jpg", "count": 2, "filenames": ["media/images/Labels_0_11535c4f4143123bf5d6.jpg", "media/images/Labels_0_c67aea9ab9e2a56fab54.jpg"], "captions": ["labels.jpg", "labels_correlogram.jpg"]}, "Mosaics": {"_type": "images/separated", "width": 1280, "height": 1280, "format": "jpg", "count": 3, "filenames": ["media/images/Mosaics_0_f62834b0637a28f2cb2e.jpg", "media/images/Mosaics_0_595e9ae44d1c1c0d2184.jpg", "media/images/Mosaics_0_7b1216e630acfbee897b.jpg"], "captions": ["train_batch0.jpg", "train_batch1.jpg", "train_batch2.jpg"]}, "train/box_loss": 0.06425236165523529, "train/obj_loss": 0.032936278730630875, "train/cls_loss": 0.0266815647482872, "metrics/precision": 0.31251035324044213, "metrics/recall": 0.10364063349824888, "metrics/mAP_0.5": 0.06252924106641096, "metrics/mAP_0.5:0.95": 0.020993017636320874, "val/box_loss": 0.04818492382764816, "val/obj_loss": 0.03337883576750755, "val/cls_loss": 0.02708378992974758, "x/lr0": 0.0033330981443589923, "x/lr1": 0.0033330981443589923, "x/lr2": 0.07000211670076907, "_timestamp": 1649671452, "_runtime": 4185, "_step": 0, "_wandb": {"runtime": 4194}}