{"best/epoch": 3, "best/precision": 0.7991842191191985, "best/recall": 0.19420320125573043, "best/mAP_0.5": 0.23060136613820145, "best/mAP_0.5:0.95": 0.053793891439686034, "Labels": {"_type": "images/separated", "width": 1600, "height": 1600, "format": "jpg", "count": 2, "filenames": ["media/images/Labels_0_09b83aabca20f58d9ef1.jpg", "media/images/Labels_0_04e69312b95fa374b132.jpg"], "captions": ["labels.jpg", "labels_correlogram.jpg"]}, "Mosaics": {"_type": "images/separated", "width": 1280, "height": 1280, "format": "jpg", "count": 3, "filenames": ["media/images/Mosaics_0_b7254537a5517de0ddd2.jpg", "media/images/Mosaics_0_c5dcf435911e9f725957.jpg", "media/images/Mosaics_0_873930203889bfcfa8c5.jpg"], "captions": ["train_batch0.jpg", "train_batch1.jpg", "train_batch2.jpg"]}, "train/box_loss": 0.03938150405883789, "train/obj_loss": 0.012727241031825542, "train/cls_loss": 0.000914995966013521, "metrics/precision": 0.7966456171584377, "metrics/recall": 0.19455252918287938, "metrics/mAP_0.5": 0.22668635642332766, "metrics/mAP_0.5:0.95": 0.05342666237786582, "val/box_loss": 0.0914502963423729, "val/obj_loss": 0.034003809094429016, "val/cls_loss": 0.010858142748475075, "x/lr0": 0.0089902, "x/lr1": 0.0089902, "x/lr2": 0.0089902, "_timestamp": 1649467746, "_runtime": 5578, "_step": 104, "BoundingBoxDebugger": {"_type": "images/separated", "width": 672, "height": 384, "format": "png", "count": 16, "filenames": ["media/images/BoundingBoxDebugger_99_bb8d1214487caf0711bd.png", "media/images/BoundingBoxDebugger_99_40aa15fc7a4ac9eaa2fb.png", "media/images/BoundingBoxDebugger_99_a7851715451a63796d48.png", "media/images/BoundingBoxDebugger_99_a0dfd1ec8872b793811c.png", "media/images/BoundingBoxDebugger_99_9bc9eb159d6bc5a5e46f.png", "media/images/BoundingBoxDebugger_99_82ade355341f6e621782.png", "media/images/BoundingBoxDebugger_99_8f9f464879c57189d051.png", "media/images/BoundingBoxDebugger_99_ccfa5916fc455776717d.png", "media/images/BoundingBoxDebugger_99_43139272bb695f947399.png", "media/images/BoundingBoxDebugger_99_81619e410321fbafc756.png", "media/images/BoundingBoxDebugger_99_0ed8963975f57a3650ab.png", "media/images/BoundingBoxDebugger_99_0c1422c7939c763cd6eb.png", "media/images/BoundingBoxDebugger_99_8322ebcd8af47ecb3255.png", "media/images/BoundingBoxDebugger_99_30c1dee16cd809a3581b.png", "media/images/BoundingBoxDebugger_99_601750a2f563405ca670.png", "media/images/BoundingBoxDebugger_99_f904c54d3596d3c711c3.png"], "captions": ["10S3-N0808MF03664.jpg", "10S3-N0808MF03818.jpg", "10S3-N0808MF03819.jpg", "10S3-N0808MF03820.jpg", "10S3-N0808MF03821.jpg", "10S3-N0808MF03822.jpg", "10S3-N0808MF03823.jpg", "10S3-N0808MF03824.jpg", "10S3-N0808MF03825.jpg", "10S3-N0808MF03826.jpg", "10S3-N0808MF03827.jpg", "10S3-N0808MF03828.jpg", "10S3-N0808MF03829.jpg", "10S3-N0808MF03817.jpg", "10S3-N0808MF03830.jpg", "10S3-N0808MF03832.jpg"], "all_boxes": [{"predictions": {"_type": "boxes2D", "path": "media/metadata/boxes2D/BoundingBoxDebugger_99_40bc6373ad9d46c1e04d.boxes2D.json", "sha256": "40bc6373ad9d46c1e04d24fb1b4a59dbb2b8160d1ff7d45c3da99d6ad9cb2474", "size": 2535}}, {"predictions": {"_type": "boxes2D", "path": "media/metadata/boxes2D/BoundingBoxDebugger_99_5e6f7d44ae404cc61876.boxes2D.json", "sha256": "5e6f7d44ae404cc61876b72183ca027428255f98fa6a590595b1afcaacfa9dee", "size": 3671}}, {"predictions": {"_type": "boxes2D", "path": "media/metadata/boxes2D/BoundingBoxDebugger_99_d88bf8344eff996cccfa.boxes2D.json", "sha256": "d88bf8344eff996cccfaf6e781ed35addff5ecd8cc730a68e015bb4ef82141ae", "size": 2327}}, {"predictions": {"_type": "boxes2D", "path": "media/metadata/boxes2D/BoundingBoxDebugger_99_94a65fa6ecaf08606297.boxes2D.json", "sha256": "94a65fa6ecaf0860629727a4cadebd6344a52c0339c2a35313aa12ea534a776a", "size": 3675}}, {"predictions": {"_type": "boxes2D", "path": "media/metadata/boxes2D/BoundingBoxDebugger_99_fc0f2ede7e3fe93f992f.boxes2D.json", "sha256": "fc0f2ede7e3fe93f992f9b7e7b721a639575bab08db3726c7cd893d91866a5cd", "size": 5380}}, {"predictions": {"_type": "boxes2D", "path": "media/metadata/boxes2D/BoundingBoxDebugger_99_70c3023d3966b23abe16.boxes2D.json", "sha256": "70c3023d3966b23abe16690d6cd4144ca9bdd6920e9a67674b0cc7f6c2f5f9d7", "size": 3082}}, {"predictions": {"_type": "boxes2D", "path": "media/metadata/boxes2D/BoundingBoxDebugger_99_4003fcf3a367bd32b306.boxes2D.json", "sha256": "4003fcf3a367bd32b3065d1a79e81568254383f315413140587aedfd3401f6bc", "size": 3855}}, {"predictions": {"_type": "boxes2D", "path": "media/metadata/boxes2D/BoundingBoxDebugger_99_b05fcdf741e1b33cc475.boxes2D.json", "sha256": "b05fcdf741e1b33cc47560c71d80dd62bff4ba5818685a09224b4537608df698", "size": 3669}}, {"predictions": {"_type": "boxes2D", "path": "media/metadata/boxes2D/BoundingBoxDebugger_99_b4949bed8292983f2f35.boxes2D.json", "sha256": "b4949bed8292983f2f35b14831afcbe2c4f68a7ebcd8357914db6537d4428fc9", "size": 3878}}, {"predictions": {"_type": "boxes2D", "path": "media/metadata/boxes2D/BoundingBoxDebugger_99_a67ff06c3f5cefc0850a.boxes2D.json", "sha256": "a67ff06c3f5cefc0850adffa8da738257cfb5d6a0fb9a4eb003e8dbfc750934d", "size": 4967}}, {"predictions": {"_type": "boxes2D", "path": "media/metadata/boxes2D/BoundingBoxDebugger_99_3aafa42111c1d52a1850.boxes2D.json", "sha256": "3aafa42111c1d52a1850aa09538bf5255736ade6507a6d08e4ba36060e650086", "size": 5013}}, {"predictions": {"_type": "boxes2D", "path": "media/metadata/boxes2D/BoundingBoxDebugger_99_f5807b467f34ef3a4a01.boxes2D.json", "sha256": "f5807b467f34ef3a4a012aa4c5d51f2f4b4c90472c43ae488c5b53356e31702e", "size": 5967}}, {"predictions": {"_type": "boxes2D", "path": "media/metadata/boxes2D/BoundingBoxDebugger_99_d900343b1151b6b81368.boxes2D.json", "sha256": "d900343b1151b6b8136845601ae2ffd8f74b58df554a86d242518a955ee090f7", "size": 5939}}, {"predictions": {"_type": "boxes2D", "path": "media/metadata/boxes2D/BoundingBoxDebugger_99_c0c43755612a1cd8d047.boxes2D.json", "sha256": "c0c43755612a1cd8d0474643b81f0edf0ff2a5d32333ed6ec4cb3f00e4ce3d9c", "size": 4615}}, {"predictions": {"_type": "boxes2D", "path": "media/metadata/boxes2D/BoundingBoxDebugger_99_51fa409f3723f57cbac3.boxes2D.json", "sha256": "51fa409f3723f57cbac394717df0bb01a07738e15861f6bf6b5ea4e5922a04e9", "size": 5379}}, {"predictions": {"_type": "boxes2D", "path": "media/metadata/boxes2D/BoundingBoxDebugger_99_387d5c92097229af42e7.boxes2D.json", "sha256": "387d5c92097229af42e796d48f13d1b9edd9633b37e11e23b74cba8ab361e88c", "size": 5575}}]}, "Validation": {"_type": "images/separated", "width": 1920, "height": 1098, "format": "jpg", "count": 6, "filenames": ["media/images/Validation_104_a24e523480cbf31f4bdc.jpg", "media/images/Validation_104_767c5007ea7eddc6d0e5.jpg", "media/images/Validation_104_fc67999324b3a9138f61.jpg", "media/images/Validation_104_33213cc7fb5aad90987b.jpg", "media/images/Validation_104_7dbd4db479ce3284239e.jpg", "media/images/Validation_104_8d6bd07eb0bde3e405e1.jpg"], "captions": ["val_batch0_labels.jpg", "val_batch0_pred.jpg", "val_batch1_labels.jpg", "val_batch1_pred.jpg", "val_batch2_labels.jpg", "val_batch2_pred.jpg"]}, "Results": {"_type": "images/separated", "width": 2400, "height": 1200, "format": "png", "count": 6, "filenames": ["media/images/Results_104_4e1abc914d3585dc3bc4.png", "media/images/Results_104_2d5aa247ccd406b97b57.png", "media/images/Results_104_f87fd9a26aee2c9d24a6.png", "media/images/Results_104_4206a660fb1f9b22c6be.png", "media/images/Results_104_8d9d4d48aaebb733ad41.png", "media/images/Results_104_6a7a077920ca4f2548f7.png"], "captions": ["results.png", "confusion_matrix.png", "F1_curve.png", "PR_curve.png", "P_curve.png", "R_curve.png"]}, "_wandb": {"runtime": 5576}}