{"best/epoch": 23, "best/precision": 0.3505553246025474, "best/recall": 0.3282509380211229, "best/mAP_0.5": 0.3027094771943995, "best/mAP_0.5:0.95": 0.06983703567514635, "Labels": {"_type": "images/separated", "width": 1600, "height": 1600, "format": "jpg", "count": 2, "filenames": ["media/images/Labels_0_09b83aabca20f58d9ef1.jpg", "media/images/Labels_0_04e69312b95fa374b132.jpg"], "captions": ["labels.jpg", "labels_correlogram.jpg"]}, "Mosaics": {"_type": "images/separated", "width": 1280, "height": 1280, "format": "jpg", "count": 3, "filenames": ["media/images/Mosaics_0_56491c20077a45fcc650.jpg", "media/images/Mosaics_0_4df97599af60fca3274a.jpg", "media/images/Mosaics_0_ad639707fc8bf98a7943.jpg"], "captions": ["train_batch0.jpg", "train_batch1.jpg", "train_batch2.jpg"]}, "train/box_loss": 0.05081268027424812, "train/obj_loss": 0.017712078988552094, "train/cls_loss": 0.0009293764014728367, "metrics/precision": 0.35000904578049774, "metrics/recall": 0.3282509380211229, "metrics/mAP_0.5": 0.3029584849258507, "metrics/mAP_0.5:0.95": 0.07001075300634599, "val/box_loss": 0.08915426582098007, "val/obj_loss": 0.03908417001366615, "val/cls_loss": 0.01443345658481121, "x/lr0": 0.005973999999999999, "x/lr1": 0.005973999999999999, "x/lr2": 0.005973999999999999, "_timestamp": 1649488413, "_runtime": 4545, "_step": 124, "BoundingBoxDebugger": {"_type": "images/separated", "width": 672, "height": 384, "format": "png", "count": 16, "filenames": ["media/images/BoundingBoxDebugger_119_bb8d1214487caf0711bd.png", "media/images/BoundingBoxDebugger_119_40aa15fc7a4ac9eaa2fb.png", "media/images/BoundingBoxDebugger_119_a7851715451a63796d48.png", "media/images/BoundingBoxDebugger_119_a0dfd1ec8872b793811c.png", "media/images/BoundingBoxDebugger_119_9bc9eb159d6bc5a5e46f.png", "media/images/BoundingBoxDebugger_119_82ade355341f6e621782.png", "media/images/BoundingBoxDebugger_119_8f9f464879c57189d051.png", "media/images/BoundingBoxDebugger_119_ccfa5916fc455776717d.png", "media/images/BoundingBoxDebugger_119_43139272bb695f947399.png", "media/images/BoundingBoxDebugger_119_81619e410321fbafc756.png", "media/images/BoundingBoxDebugger_119_0ed8963975f57a3650ab.png", "media/images/BoundingBoxDebugger_119_0c1422c7939c763cd6eb.png", "media/images/BoundingBoxDebugger_119_8322ebcd8af47ecb3255.png", "media/images/BoundingBoxDebugger_119_30c1dee16cd809a3581b.png", "media/images/BoundingBoxDebugger_119_601750a2f563405ca670.png", "media/images/BoundingBoxDebugger_119_f904c54d3596d3c711c3.png"], "captions": ["10S3-N0808MF03664.jpg", "10S3-N0808MF03818.jpg", "10S3-N0808MF03819.jpg", "10S3-N0808MF03820.jpg", "10S3-N0808MF03821.jpg", "10S3-N0808MF03822.jpg", "10S3-N0808MF03823.jpg", "10S3-N0808MF03824.jpg", "10S3-N0808MF03825.jpg", "10S3-N0808MF03826.jpg", "10S3-N0808MF03827.jpg", "10S3-N0808MF03828.jpg", "10S3-N0808MF03829.jpg", "10S3-N0808MF03817.jpg", "10S3-N0808MF03830.jpg", "10S3-N0808MF03832.jpg"], "all_boxes": [{"predictions": {"_type": "boxes2D", "path": "media/metadata/boxes2D/BoundingBoxDebugger_119_30cd9ee0fdf32f09dc1f.boxes2D.json", "sha256": "30cd9ee0fdf32f09dc1fd8fded560537f00e3e47ce1d013519cb4040aef8883b", "size": 13378}}, {"predictions": {"_type": "boxes2D", "path": "media/metadata/boxes2D/BoundingBoxDebugger_119_0337a7492cb3f61c2f3d.boxes2D.json", "sha256": "0337a7492cb3f61c2f3dab44a7267e56099dcc8ed76ce9494643571e8017bbf4", "size": 14510}}, {"predictions": {"_type": "boxes2D", "path": "media/metadata/boxes2D/BoundingBoxDebugger_119_1dd57b08dfedca0e9c92.boxes2D.json", "sha256": "1dd57b08dfedca0e9c92f4ca4402348718cad52dfbf03547eba4870ecf519321", "size": 14939}}, {"predictions": {"_type": "boxes2D", "path": "media/metadata/boxes2D/BoundingBoxDebugger_119_daa2810198908b3ac1ba.boxes2D.json", "sha256": "daa2810198908b3ac1ba18b7551c555b7d68612be3894cf15147614cf0fe3d9a", "size": 12617}}, {"predictions": {"_type": "boxes2D", "path": "media/metadata/boxes2D/BoundingBoxDebugger_119_c2e6b07941276e8eb7b6.boxes2D.json", "sha256": "c2e6b07941276e8eb7b6e2e04b1f2389a12ad10c07856e10f2ea5f2d5bb95d8e", "size": 11784}}, {"predictions": {"_type": "boxes2D", "path": "media/metadata/boxes2D/BoundingBoxDebugger_119_e0a77f42605d3b8e3f2e.boxes2D.json", "sha256": "e0a77f42605d3b8e3f2e66c818326a74007657283df99f829e1e36466ec1147d", "size": 12526}}, {"predictions": {"_type": "boxes2D", "path": "media/metadata/boxes2D/BoundingBoxDebugger_119_257996163dc8896588d1.boxes2D.json", "sha256": "257996163dc8896588d1d94afa25bc6c697da81575d6f3d0516695e5e513f57b", "size": 11587}}, {"predictions": {"_type": "boxes2D", "path": "media/metadata/boxes2D/BoundingBoxDebugger_119_6e5611ff57ac062525cb.boxes2D.json", "sha256": "6e5611ff57ac062525cbbf7a0f6572032d0d93ca7a77d362af3f28b31025b8e8", "size": 12166}}, {"predictions": {"_type": "boxes2D", "path": "media/metadata/boxes2D/BoundingBoxDebugger_119_f41fda6844936fd2c840.boxes2D.json", "sha256": "f41fda6844936fd2c84060362e24b0cede6cb656f5d62d33a2f1cb52fd03792c", "size": 11786}}, {"predictions": {"_type": "boxes2D", "path": "media/metadata/boxes2D/BoundingBoxDebugger_119_021d8fecf8202d547039.boxes2D.json", "sha256": "021d8fecf8202d547039da58f514bec70b42334a7008efe37ba6a7d8a2c483fd", "size": 10092}}, {"predictions": {"_type": "boxes2D", "path": "media/metadata/boxes2D/BoundingBoxDebugger_119_4f38f9e1eb6cf6fbb0e9.boxes2D.json", "sha256": "4f38f9e1eb6cf6fbb0e9b7f2617fd5864664fbfb412c5ad9131ea2c108a86464", "size": 16174}}, {"predictions": {"_type": "boxes2D", "path": "media/metadata/boxes2D/BoundingBoxDebugger_119_6dcbae2c2718b1181be3.boxes2D.json", "sha256": "6dcbae2c2718b1181be3391b5ac24a83ab8ba7d6a480f4a23b4ea6474e264a34", "size": 15956}}, {"predictions": {"_type": "boxes2D", "path": "media/metadata/boxes2D/BoundingBoxDebugger_119_d1a8cee2b9d932ce6182.boxes2D.json", "sha256": "d1a8cee2b9d932ce61826c057802b2d0a754dd90d93e7dd544d832bcbf86beb5", "size": 15445}}, {"predictions": {"_type": "boxes2D", "path": "media/metadata/boxes2D/BoundingBoxDebugger_119_c25e3ed87558dc188f21.boxes2D.json", "sha256": "c25e3ed87558dc188f2154ab2966ebaf7f1bb1a23d5eed3cdfc9a073447d49b2", "size": 12402}}, {"predictions": {"_type": "boxes2D", "path": "media/metadata/boxes2D/BoundingBoxDebugger_119_b7822765eaa9c012c997.boxes2D.json", "sha256": "b7822765eaa9c012c99708281b60d310038cec206d576de8f5b1776e286ff62f", "size": 14260}}, {"predictions": {"_type": "boxes2D", "path": "media/metadata/boxes2D/BoundingBoxDebugger_119_6731bedcdce4d57b82cb.boxes2D.json", "sha256": "6731bedcdce4d57b82cb706c31935e9b49761f176f924b4183faa75b479084b6", "size": 16543}}]}, "Validation": {"_type": "images/separated", "width": 1920, "height": 1098, "format": "jpg", "count": 6, "filenames": ["media/images/Validation_124_a24e523480cbf31f4bdc.jpg", "media/images/Validation_124_86d20c4a06576f2af894.jpg", "media/images/Validation_124_fc67999324b3a9138f61.jpg", "media/images/Validation_124_66e5206accdf0f1cbe50.jpg", "media/images/Validation_124_7dbd4db479ce3284239e.jpg", "media/images/Validation_124_a605e9ccf235f37e4afc.jpg"], "captions": ["val_batch0_labels.jpg", "val_batch0_pred.jpg", "val_batch1_labels.jpg", "val_batch1_pred.jpg", "val_batch2_labels.jpg", "val_batch2_pred.jpg"]}, "Results": {"_type": "images/separated", "width": 2400, "height": 1200, "format": "png", "count": 6, "filenames": ["media/images/Results_124_d63bc5b8dddaba1fa44a.png", "media/images/Results_124_a0e2eb3d1498cbf87722.png", "media/images/Results_124_218297ca020750a9dae1.png", "media/images/Results_124_24b350643cf0919be024.png", "media/images/Results_124_5b3ade24ef94bbf92a6e.png", "media/images/Results_124_f54a65cd511af2ac0fd4.png"], "captions": ["results.png", "confusion_matrix.png", "F1_curve.png", "PR_curve.png", "P_curve.png", "R_curve.png"]}, "_wandb": {"runtime": 4543}}